order_value_band,total_orders,total_revenue_inr,average_rating
Premium,69393,23616135.54,4.342216073667373
Core,84187,15043512.53,4.329344198035326
Enterprise,15503,12396305.52,4.38762175062891
Budget,28347,1956552.18,4.351194129890288
