beverage_category,total_orders,total_revenue_inr,average_order_value_inr
Carbonated Soft Drink,63576,17108981.85,269.11069979237453
Juice,47303,12676740.23,267.99019575925416
Sports Drink,23456,6249461.45,266.4333837824011
Energy Drink,15967,4301242.8,269.38327801089747
Iced Tea,15798,4274797.91,270.59108178250415
Flavored Drink,15715,4231983.08,269.2957734648425
Packaged Water,15615,4169298.45,267.0059846301633
